Borneo Exotics,IV,alata,BE-3001, ,
Borneo Exotics,IV,albomarginata,BE-3002, ,
Borneo Exotics,IV,albomarginata,BE-3003, ,
Borneo Exotics,IV,albomarginata ,BE-3004, ,
Borneo Exotics,IV,albomarginata ,BE-3005, ,
Borneo Exotics,IV,albomarginata ,BE-3360, ,
Borneo Exotics,IV,albomarginata ,BE-3576, ,
Borneo Exotics,IV,ampullaria,BE-3006, ,
Borneo Exotics,IV,ampullaria,BE-3007, ,
Borneo Exotics,IV,ampullaria,BE-3009, ,
Borneo Exotics,IV,ampullaria,BE-3011, ,
Borneo Exotics,IV,ampullaria,BE-3012, ,
Borneo Exotics,IV,ampullaria,BE-3013, ,
Borneo Exotics,IV,ampullaria,BE-3014, ,
Borneo Exotics,IV,ampullaria,BE-3015, ,
Borneo Exotics,IV,ampullaria,BE-3016, ,
Borneo Exotics,IV,ampullaria,BE-3282, ,
Borneo Exotics,IV,ampullaria,BE-3283, ,
Borneo Exotics,IV,ampullaria,BE-3285, ,
Borneo Exotics,IV,ampullaria,BE-3286, ,
Borneo Exotics,IV,ampullaria,BE-3287, ,
Borneo Exotics,IV,ampullaria,BE-3288, ,
Borneo Exotics,IV,ampullaria,BE-3304, ,
Borneo Exotics,IV,ampullaria,BE-3390, ,
Borneo Exotics,IV,ampullaria,BE-3450, ,
Borneo Exotics,IV,ampullaria,BE-3494, ,
Borneo Exotics,IV,ampullaria,BE-3659, ,
Borneo Exotics,IV,ampullaria,BE-3681, ,
Borneo Exotics,IV,anamensis ,BE-3018, ,
Borneo Exotics,IV,argentii,BE-3021, ,
Borneo Exotics,IV,aristolochioides ,BE-3023, ,
Borneo Exotics,IV,aristolochioides ,BE-4544, ,
Borneo Exotics,IV,aristolochioides ,BE-4547, ,
Borneo Exotics,IV,bellii ,BE-3026, ,
Borneo Exotics,IV,bicalcarata,BE-3029, ,
Borneo Exotics,IV,bicalcarata,BE-3031, ,
Borneo Exotics,IV,bicalcarata,BE-3335, ,
Borneo Exotics,IV,bicalcarata,BE-3336, ,
Borneo Exotics,IV,bicalcarata,BE-3356, ,
Borneo Exotics,IV,bicalcarata,BE-3682, ,
Borneo Exotics,IV,bongso ,BE-3036, ,
Borneo Exotics,IV,boschiana,BE-3039, ,
Borneo Exotics,IV,boschiana,BE-3040, ,
Borneo Exotics,IV,boschiana,BE-3448, ,
Borneo Exotics,IV,boschiana,BE-3643, ,
Borneo Exotics,IV,burbidgeae ,BE-3041, ,
Borneo Exotics,IV,burbidgeae ,BE-3042, ,
Borneo Exotics,IV,burbidgeae ,BE-3848, ,
Borneo Exotics,IV,burbidgeae ,BE-3873, ,
Borneo Exotics,IV,campanulata,BE-3044, ,
Borneo Exotics,IV,copelandii ,BE-3046, ,
Borneo Exotics,IV,copelandii ,BE-3047, ,
Borneo Exotics,IV,copelandii ,BE-3242, ,
Borneo Exotics,IV,copelandii ,BE-3243, ,
Borneo Exotics,IV,danseri,BE-3050, ,
Borneo Exotics,IV,densiflora ,BE-3051, ,
Borneo Exotics,IV,densiflora ,BE-3052, ,
Borneo Exotics,IV,densiflora ,BE-3837, ,
Borneo Exotics,IV,diatas ,BE-3055, ,
Borneo Exotics,IV,diatas ,BE-3056, ,
Borneo Exotics,IV,diatas ,BE-3861, ,
Borneo Exotics,IV,distillatoria,BE-3057, ,
Borneo Exotics,IV,distillatoria,BE-3061, ,
Borneo Exotics,IV,ephippiata ,BE-3064, ,
Borneo Exotics,IV,eustachya,BE-3065, ,
Borneo Exotics,IV,maxima ,BE-3067, ,
Borneo Exotics,IV,maxima ,BE-3110, ,
Borneo Exotics,IV,maxima ,BE-3112, ,
Borneo Exotics,IV,maxima ,BE-3303, ,
Borneo Exotics,IV,maxima ,BE-3311, ,
Borneo Exotics,IV,maxima ,BE-3319, ,
Borneo Exotics,IV,maxima ,BE-3433, ,
Borneo Exotics,IV,maxima ,BE-3496, ,
Borneo Exotics,IV,maxima ,BE-3735, ,
Borneo Exotics,IV,maxima ,BE-3786, ,
Borneo Exotics,IV,maxima ,BE-3907, ,
Borneo Exotics,IV,maxima ,BE-4081, ,
Borneo Exotics,IV,fusca,BE-3068, ,
Borneo Exotics,IV,fusca,BE-3069, ,
Borneo Exotics,IV,fusca,BE-3070, ,
Borneo Exotics,IV,fusca,BE-3465, ,
Borneo Exotics,IV,gracilis ,BE-3074, ,
Borneo Exotics,IV,gracilis ,BE-4060, ,
Borneo Exotics,IV,gracilis ,BE-4611, ,
Borneo Exotics,IV,gymnamphora,BE-3077, ,
Borneo Exotics,IV,gymnamphora,BE-3078, ,
Borneo Exotics,IV,gymnamphora,BE-3236, ,
Borneo Exotics,IV,gymnamphora,BE-3241, ,
Borneo Exotics,IV,gymnamphora,BE-3908, ,
Borneo Exotics,IV,gymnamphora,BE-4059, ,
Borneo Exotics,IV,hamata ,BE-3082, ,
Borneo Exotics,IV,hamata ,BE-3280, ,
Borneo Exotics,IV,hamata ,BE-3380, ,
Borneo Exotics,IV,hamata ,BE-3382, ,
Borneo Exotics,IV,hamata ,BE-3495, ,
Borneo Exotics,IV,hamata ,BE-3715, ,
Borneo Exotics,IV,hamata ,BE-3975, ,
Borneo Exotics,IV,hamata ,BE-4015, ,
Borneo Exotics,IV,hamata ,BE-4044, ,
Borneo Exotics,IV,hirsuta,BE-3083, ,
Borneo Exotics,IV,inermis,BE-3084, ,
Borneo Exotics,IV,inermis,BE-3085, ,
Borneo Exotics,IV,insignis ,BE-3089, ,
Borneo Exotics,IV,izumiae,BE-3090, ,
Borneo Exotics,IV,izumiae,BE-3925, ,
Borneo Exotics,IV,jacquelineae ,BE-3092, ,
Borneo Exotics,IV,jacquelineae ,BE-3096, ,
Borneo Exotics,IV,jacquelineae ,BE-3874, ,
Borneo Exotics,IV,khasiana ,BE-3098, ,
Borneo Exotics,IV,lamii,BE-3099, ,
Borneo Exotics,IV,lowii,BE-3100, ,
Borneo Exotics,IV,macfarlanei,BE-3103, ,
Borneo Exotics,IV,macrophylla,BE-3106, ,
Borneo Exotics,IV,macrovulgaris,BE-3107, ,
Borneo Exotics,IV,madagascariensis ,BE-3109, ,
Borneo Exotics,IV,madagascariensis ,BE-3247, ,
Borneo Exotics,IV,merrilliana,BE-3117, ,
Borneo Exotics,IV,merrilliana,BE-3337, ,
Borneo Exotics,IV,merrilliana,BE-3493, ,
Borneo Exotics,IV,merrilliana,BE-3727, ,
Borneo Exotics,IV,mikei,BE-3121, ,
Borneo Exotics,IV,mikei,BE-3506, ,
Borneo Exotics,IV,mindanaoensis,BE-3122, ,
Borneo Exotics,IV,mira ,BE-3123, ,
Borneo Exotics,IV,mira ,BE-3362, ,
Borneo Exotics,IV,mira ,BE-3979, ,
Borneo Exotics,IV,petiolata,BE-3135, ,
Borneo Exotics,IV,petiolata,BE-3913, ,
Borneo Exotics,IV,philippinensis ,BE-3136, ,
Borneo Exotics,IV,rafflesiana,BE-3141, ,
Borneo Exotics,IV,rafflesiana,BE-3144, ,
Borneo Exotics,IV,rafflesiana,BE-3146, ,
Borneo Exotics,IV,rafflesiana,BE-3147, ,
Borneo Exotics,IV,rafflesiana,BE-3148, ,
Borneo Exotics,IV,rafflesiana,BE-3351, ,
Borneo Exotics,IV,rafflesiana,BE-3352, ,
Borneo Exotics,IV,rafflesiana,BE-3353, ,
Borneo Exotics,IV,rafflesiana,BE-3402, ,
Borneo Exotics,IV,rafflesiana,BE-3451, ,
Borneo Exotics,IV,rafflesiana,BE-3475, ,
Borneo Exotics,IV,rafflesiana,BE-3722, ,
Borneo Exotics,IV,rafflesiana,BE-4519, ,
Borneo Exotics,IV,rafflesiana,BE-4571, ,
Borneo Exotics,IV,neoguineensis,BE-3151, ,
Borneo Exotics,IV,neoguineensis,BE-3393, ,
Borneo Exotics,IV,neoguineensis,BE-4539, ,
Borneo Exotics,IV,rajah,BE-3152, ,
Borneo Exotics,IV,ramispina,BE-3155, ,
Borneo Exotics,IV,ramispina,BE-3929, ,
Borneo Exotics,IV,reinwardtiana,BE-3159, ,
Borneo Exotics,IV,reinwardtiana,BE-3671, ,
Borneo Exotics,IV,sanguinea,BE-3162, ,
Borneo Exotics,IV,sanguinea,BE-3312, ,
Borneo Exotics,IV,sanguinea,BE-4066, ,
Borneo Exotics,IV,sibuyanensis ,BE-3164, ,
Borneo Exotics,IV,sibuyanensis ,BE-3972, ,
Borneo Exotics,IV,sibuyanensis ,BE-4029, ,
Borneo Exotics,IV,singalana,BE-3169, ,
Borneo Exotics,IV,singalana,BE-3170, ,
Borneo Exotics,IV,singalana,BE-3248, ,
Borneo Exotics,IV,singalana,BE-3761, ,
Borneo Exotics,IV,smilesii ,BE-3171, ,
Borneo Exotics,IV,smilesii ,BE-3313, ,
Borneo Exotics,IV,smilesii ,BE-3316, ,
Borneo Exotics,IV,smilesii ,BE-3358, ,
Borneo Exotics,IV,sp. #1 ,BE-3172, ,
Borneo Exotics,IV,sp. #2 ,BE-3173, ,
Borneo Exotics,IV,spathulata ,BE-3174, ,
Borneo Exotics,IV,spathulata ,BE-3175, ,
Borneo Exotics,IV,spectabilis,BE-3176, ,
Borneo Exotics,IV,spectabilis,BE-3177, ,
Borneo Exotics,IV,spectabilis,BE-3178, ,
Borneo Exotics,IV,spectabilis,BE-3179, ,
Borneo Exotics,IV,spectabilis,BE-3321, ,
Borneo Exotics,IV,spectabilis,BE-3322, ,
Borneo Exotics,IV,spectabilis,BE-3768, ,
Borneo Exotics,IV,sumatrana,BE-3186, ,
Borneo Exotics,IV,sumatrana,BE-4540, ,
Borneo Exotics,IV,talangensis,BE-3187, ,
Borneo Exotics,IV,talangensis,BE-3835, ,
Borneo Exotics,IV,talangensis,BE-4075, ,
Borneo Exotics,IV,tentaculata,BE-3191, ,
Borneo Exotics,IV,tentaculata,BE-3192, ,
Borneo Exotics,IV,tentaculata,BE-3193, ,
Borneo Exotics,IV,tentaculata,BE-3194, ,
Borneo Exotics,IV,tentaculata,BE-3870, ,
Borneo Exotics,IV,tobaica,BE-3196, ,
Borneo Exotics,IV,tobaica,BE-3198, ,
Borneo Exotics,IV,tobaica,BE-3259, ,
Borneo Exotics,IV,tobaica,BE-3260, ,
Borneo Exotics,IV,tobaica,BE-3261, ,
Borneo Exotics,IV,tobaica,BE-3264, ,
Borneo Exotics,IV,tobaica,BE-4089, ,
Borneo Exotics,IV,tomoriana,BE-3200, ,
Borneo Exotics,IV,tomoriana,BE-3338, ,
Borneo Exotics,IV,tomoriana,BE-3342, ,
Borneo Exotics,IV,tomoriana,BE-3343, ,
Borneo Exotics,IV,tomoriana,BE-3344, ,
Borneo Exotics,IV,truncata ,BE-3202, ,
Borneo Exotics,IV,truncata ,BE-3203, ,
Borneo Exotics,IV,truncata ,BE-3204, ,
Borneo Exotics,IV,truncata ,BE-4001, ,
Borneo Exotics,IV,veitchii ,BE-3205, ,
Borneo Exotics,IV,veitchii ,BE-3207, ,
Borneo Exotics,IV,veitchii ,BE-3482, ,
Borneo Exotics,IV,veitchii ,BE-3646, ,
Borneo Exotics,IV,veitchii ,BE-3734, ,
Borneo Exotics,IV,veitchii ,BE-4021, ,
Borneo Exotics,IV,veitchii ,BE-4033, ,
Borneo Exotics,IV,veitchii ,BE-4068, ,
Borneo Exotics,IV,veitchii ,BE-4087, ,
Borneo Exotics,IV,veitchii ,BE-4093, ,
Borneo Exotics,IV,veitchii ,BE-4094, ,
Borneo Exotics,IV,veitchii ,BE-4095, ,
Borneo Exotics,IV,veitchii ,BE-4096, ,
Borneo Exotics,IV,veitchii ,BE-4097, ,
Borneo Exotics,IV,ventricosa ,BE-3215, ,
Borneo Exotics,IV,ventricosa ,BE-3217, ,
Borneo Exotics,IV,ventricosa ,BE-3278, ,
Borneo Exotics,IV,ventricosa ,BE-3645, ,
Borneo Exotics,IV,ventricosa ,BE-3771, ,
Borneo Exotics,IV,ventricosa ,BE-3772, ,
Borneo Exotics,IV,vieillardii,BE-3224, ,
Borneo Exotics,IV,vieillardii,BE-4599, ,
Borneo Exotics,IV,villosa,BE-3225, ,
Borneo Exotics,IV,burkei ,BE-3254, ,
Borneo Exotics,IV,burkei ,BE-4512, ,
Borneo Exotics,IV,burkei ,BE-4527, ,
Borneo Exotics,IV,vogelii,BE-3256, ,
Borneo Exotics,IV,glabrata ,BE-3257, ,
Borneo Exotics,IV,glabrata ,BE-4592, ,
Borneo Exotics,IV,platychila ,BE-3266, ,
Borneo Exotics,IV,platychila ,BE-3503, ,
Borneo Exotics,IV,platychila ,BE-4065, ,
Borneo Exotics,IV,jamban ,BE-3276, ,
Borneo Exotics,IV,jamban ,BE-3875, ,
Borneo Exotics,IV,lingulata,BE-3277, ,
Borneo Exotics,IV,lingulata,BE-3463, ,
Borneo Exotics,IV,alba ,BE-3299, ,
Borneo Exotics,IV,robcantleyi,BE-3307, ,
Borneo Exotics,IV,robcantleyi,BE-3517, ,
Borneo Exotics,IV,mollis ,BE-3308, ,
Borneo Exotics,IV,treubiana,BE-3340, ,
Borneo Exotics,IV,treubiana,BE-3341, ,
Borneo Exotics,IV,thai ,BE-3346, ,
Borneo Exotics,IV,thai ,BE-3364, ,
Borneo Exotics,IV,kerrii ,BE-3347, ,
Borneo Exotics,IV,adnata ,BE-3350, ,
Borneo Exotics,IV,northiana,BE-3357, ,
Borneo Exotics,IV,mirabilis var. echinostoma,BE-3363, ,
Borneo Exotics,IV,mirabilis var. echinostoma,BE-3372, ,
Borneo Exotics,IV,rowanae ,BE-3370, ,
Borneo Exotics,IV,kongkandana ,BE-3392, ,
Borneo Exotics,IV,mirabilis var. globosa,BE-3394, ,
Borneo Exotics,IV,mirabilis var. globosa,BE-3852, ,
Borneo Exotics,IV,mirabilis var. globosa,BE-3928, ,
Borneo Exotics,IV,chang ,BE-3397, ,
Borneo Exotics,IV,mirabilis ,BE-3403, ,
Borneo Exotics,IV,attenboroughii,BE-3439, ,
Borneo Exotics,IV,attenboroughii,BE-3693, ,
Borneo Exotics,IV,klossii ,BE-3452, ,
Borneo Exotics,IV,klossii ,BE-3502, ,
Borneo Exotics,IV,klossii ,BE-4014, ,
Borneo Exotics,IV,dubia ,BE-3572, ,
Borneo Exotics,IV,palawanensis,BE-3651, ,
Borneo Exotics,IV,palawanensis,BE-4013, ,
Borneo Exotics,IV,flava ,BE-3652, ,
Borneo Exotics,IV,chaniana,BE-3673, ,
Borneo Exotics,IV,glandulifera,BE-3691, ,
Borneo Exotics,IV,glandulifera,BE-3766, ,
Borneo Exotics,IV,glandulifera,BE-3879, ,
Borneo Exotics,IV,longifolia,BE-3704, ,
Borneo Exotics,IV,eymae ,BE-3736, ,
Borneo Exotics,IV,aenigma ,BE-3770, ,
Borneo Exotics,IV,pervillei ,BE-3839, ,
Borneo Exotics,IV,bokorensis,BE-3856, ,
Borneo Exotics,IV,bokorensis,BE-3857, ,
Borneo Exotics,IV,bokorensis,BE-3858, ,
Borneo Exotics,IV,bokorensis,BE-4518, ,
Borneo Exotics,IV,stenophylla ,BE-3905, ,
Borneo Exotics,IV,ovata ,BE-3919, ,
Borneo Exotics,IV,ovata ,BE-4084, ,
Borneo Exotics,IV,mollis,BE-3921, ,
Borneo Exotics,IV,ceciliae,BE-3956, ,
Borneo Exotics,IV,ceciliae,BE-4600, ,
Borneo Exotics,IV,peltata ,BE-4025, ,
Borneo Exotics,IV,peltata ,BE-4613, ,
Borneo Exotics,IV,tenuis,BE-4049, ,
Borneo Exotics,IV,clipeata,BE-4058, ,
Borneo Exotics,IV,nigra ,BE-4607, ,
Andreas Wistuba,IV,alba ,AW-N_gma.01, ,
Andreas Wistuba,IV,ampullaria,AW-N_amp_Sdw.RSC, ,
Andreas Wistuba,IV,ampullaria,AW-N_amp_Sdw.Langtrieb, ,
Andreas Wistuba,IV,argentii ,AW-N_arg.07, ,
Andreas Wistuba,IV,argentii ,AW-N_arg.08, ,
Andreas Wistuba,IV,argentii ,AW-N_arg.09, ,
Andreas Wistuba,IV,argentii ,AW-N_arg.11, ,
Andreas Wistuba,IV,argentii ,AW-N_arg.13, ,
Andreas Wistuba,IV,attenboroughii,AW-N_att.513, ,
Andreas Wistuba,IV,attenboroughii,AW-N_att.515, ,
Andreas Wistuba,IV,bicalcarata ,AW-N_bic.02F, ,
Andreas Wistuba,IV,bongso ,AW-N_bong_JN.01, ,
Andreas Wistuba,ISC,boschiana ,AW-N_bosch.ISC, ,
Andreas Wistuba,IV,carunculata ,AW-N_carunc_Sag.01, ,
Andreas Wistuba,IV,carunculata ,AW-N_carunc_Sag.RC, ,
Andreas Wistuba,IV,carunculata ,AW-N_carunc_r.01, ,
Andreas Wistuba,IV,chaniana,AW-N_chan.01, ,
Andreas Wistuba,IV,chaniana,AW-N_chan.02, ,
Andreas Wistuba,IV,chaniana,AW-N_chan.04, ,
Andreas Wistuba,IV,chaniana,AW-N_chan.05, ,
Andreas Wistuba,IV,chaniana,AW-N_chan.MT01, ,
Andreas Wistuba,IV,chaniana ,AW-N_chan.RSC, ,
Andreas Wistuba,IV,chaniana,AW-N_chan.RC, ,
Andreas Wistuba,IV,cornuta ,AW-N_corn.01, ,
Andreas Wistuba,IV,cornuta ,AW-N_corn.RC, ,
Andreas Wistuba,IV,dactylifera,AW-N_dact_faiz.01, ,
Andreas Wistuba,IV,diabolica,AW-N_RHH.01, ,
Andreas Wistuba,IV,diabolica,AW-N_RHH.02, ,
Andreas Wistuba,IV,diabolica,AW-N_RHH.03, ,
Andreas Wistuba,IV,diabolica,AW-N_RHH.04, ,
Andreas Wistuba,IV,diabolica,AW-N_RHH.05, ,
Andreas Wistuba,IV,diabolica,AW-N_RHH.07, ,
Andreas Wistuba,IV,diabolica,AW-N_RHH.09, ,
Andreas Wistuba,IV,diabolica,AW-N_RHH.13, ,
Andreas Wistuba,IV,diabolica,AW-N_RHH.14, ,
Andreas Wistuba,ISC,diabolica ,AW-N_RHH.ISC, ,
Andreas Wistuba,IV,dubia,AW-N_dub_T.02, ,
Andreas Wistuba,IV,dubia,AW-N_dub_T.03, ,
Andreas Wistuba,IV,dubia,AW-N_dub_T.14, ,
Andreas Wistuba,IV,dubia ,AW-N_dub_T.Langtrieb, ,
Andreas Wistuba,IV,dubia,AW-N_dub_M.01, ,
Andreas Wistuba,IV,dubia,AW-N_dub_M.03, ,
Andreas Wistuba,IV,dubia,AW-N_dub_M.04, ,
Andreas Wistuba,IV,dubia,AW-N_dub_M.06, ,
Andreas Wistuba,IV,dubia,AW-N_dub_M.09, ,
Andreas Wistuba,IV,dubia ,AW-N_dub_M.RSC, ,
Andreas Wistuba,IV,dubia ,AW-N_dub_M.Langtrieb, ,
Andreas Wistuba,IV,ephippiata,AW-N_ephi_R.01, ,
Andreas Wistuba,IV,ephippiata,AW-N_ephi_R.02, ,
Andreas Wistuba,IV,ephippiata,AW-N_ephi_R.04, ,
Andreas Wistuba,IV,ephippiata,AW-N_ephi_R.05, ,
Andreas Wistuba,IV,ephippiata,AW-N_ephi_HM.RSC, ,
Andreas Wistuba,IV,epiphytica,AW-N_epiphy.01, ,
Andreas Wistuba,ISC,epiphytica ,AW-N_epiphy.ISC, ,
Andreas Wistuba,IV,epiphytica,AW-N_epiphy.RC, ,
Andreas Wistuba,IV,eymae ,AW-N_ey.01, ,
Andreas Wistuba,IV,eymae ,AW-N_ey.02, ,
Andreas Wistuba,IV,eymae ,AW-N_ey.03, ,
Andreas Wistuba,IV,eymae ,AW-N_ey.04, ,
Andreas Wistuba,IV,eymae ,AW-N_ey.05, ,
Andreas Wistuba,IV,eymae ,AW-N_ey.06, ,
Andreas Wistuba,IV,eymae ,AW-N_ey.07, ,
Andreas Wistuba,IV,eymae ,AW-N_ey.08, ,
Andreas Wistuba,IV,eymae,AW-N_ey.Lumut_Hort_01, ,
Andreas Wistuba,IV,eymae ,AW-N_ey.RC, ,
Andreas Wistuba,IV,fallax ,AW-N_fal.01, ,
Andreas Wistuba,IV,flava,AW-N_flav.02A, ,
Andreas Wistuba,IV,flava,AW-N_flav.RSC, ,
Andreas Wistuba,IV,flava ,AW-N_flav.RC, ,
Andreas Wistuba,IV,fusca ,AW-N_fusc_Kem.02, ,
Andreas Wistuba,IV,fusca ,AW-N_fusc_Kem.04, ,
Andreas Wistuba,IV,fusca ,AW-N_fusc_Kem.05, ,
Andreas Wistuba,IV,fusca ,AW-N_fusc_Kem.08, ,
Andreas Wistuba,IV,glabrata ,AW-N_glab_KatG.01, ,
Andreas Wistuba,IV,glandulifera ,AW-N_glandu_MT.01, ,
Andreas Wistuba,ISC,glandulifera,AW-N_glandu_MT.ISC, ,
Andreas Wistuba,IV,glandulifera ,AW-N_glandu_MT.RC, ,
Andreas Wistuba,IV,globosa ,AW-N_glob.03, ,
Andreas Wistuba,IV,globosa ,AW-N_glob.04, ,
Andreas Wistuba,IV,globosa ,AW-N_glob.05, ,
Andreas Wistuba,IV,globosa ,AW-N_glob.07, ,
Andreas Wistuba,ISC,gracilis,AW-N_grac_Beau.ISC, ,
Andreas Wistuba,IV,gymnamphora,AW-N_gym_T.01, ,
Andreas Wistuba,IV,gymnamphora,AW-N_gym_T.RC, ,
Andreas Wistuba,IV,hamata ,AW-N_ham.01, ,
Andreas Wistuba,IV,hamata ,AW-N_ham.02, ,
Andreas Wistuba,IV,hamata ,AW-N_ham.03, ,
Andreas Wistuba,ISC,hamata,AW-N_ham.ISC, ,
Andreas Wistuba,IV,inermis,AW-N_inerm.09, ,
Andreas Wistuba,IV,inermis,AW-N_inerm.10, ,
Andreas Wistuba,IV,inermis,AW-N_inerm.11, ,
Andreas Wistuba,IV,inermis ,AW-N_inerm.Langtrieb, ,
Andreas Wistuba,IV,inermis,AW-N_inerm.RC, ,
Andreas Wistuba,IV,izumiae ,AW-N_iz.01, ,
Andreas Wistuba,IV,izumiae ,AW-N_iz.04, ,
Andreas Wistuba,IV,izumiae ,AW-N_iz.06, ,
Andreas Wistuba,IV,izumiae ,AW-N_iz.07, ,
Andreas Wistuba,IV,izumiae ,AW-N_iz.09, ,
Andreas Wistuba,IV,jacquelineae,AW-N_jaq_1-04.04, ,
Andreas Wistuba,IV,jacquelineae,AW-N_jaq_1-04.05, ,
Andreas Wistuba,IV,jacquelineae,AW-N_jaq_1-04.07, ,
Andreas Wistuba,IV,jacquelineae,AW-N_jaq_1-04.10, ,
Andreas Wistuba,IV,jamban,AW-N_jamb_TG.RSC, ,
Andreas Wistuba,IV,khasiana,AW-N_khas.01, ,
Andreas Wistuba,IV,lamii,AW-N_lam_Dor.02, ,
Andreas Wistuba,IV,lamii ,AW-N_lam_Dor.Y, ,
Andreas Wistuba,IV,lamii ,AW-N_lam_Dor.E, ,
Andreas Wistuba,IV,lamii ,AW-N_lam_Dor.W, ,
Andreas Wistuba,IV,lamii ,AW-N_lam_Dor.T, ,
Andreas Wistuba,IV,lamii ,AW-N_lam_Dor.Z, ,
Andreas Wistuba,IV,lamii ,AW-N_lam_Dor.U, ,
Andreas Wistuba,IV,lavicola ,AW-N_lav.02, ,
Andreas Wistuba,IV,lavicola ,AW-N_lav.03, ,
Andreas Wistuba,ISC,lavicola,AW-N_lav.ISC, ,
Andreas Wistuba,IV,leonardoi,AW-N_leo.01, ,
Andreas Wistuba,IV,leonardoi,AW-N_leo.02, ,
Andreas Wistuba,IV,leonardoi,AW-N_leo.03, ,
Andreas Wistuba,IV,leonardoi,AW-N_leo.04, ,
Andreas Wistuba,IV,leonardoi,AW-N_leo.05, ,
Andreas Wistuba,IV,lowii,AW-N_low_BL.RSC, ,
Andreas Wistuba,IV,lowii ,AW-N_low_Ment.01, ,
Andreas Wistuba,IV,lowii ,AW-N_low_Ment.02, ,
Andreas Wistuba,IV,lowii ,AW-N_low_Ment.03, ,
Andreas Wistuba,IV,lowii ,AW-N_low_Ment.04, ,
Andreas Wistuba,IV,lowii ,AW-N_low_Ment.05, ,
Andreas Wistuba,IV,lowii ,AW-N_low_Ment.06, ,
Andreas Wistuba,IV,lowii ,AW-N_low_Ment.07, ,
Andreas Wistuba,IV,lowii ,AW-N_low_Ment.08, ,
Andreas Wistuba,IV,lowii ,AW-N_low_Ment.09, ,
Andreas Wistuba,IV,lowii ,AW-N_low_Ment.10, ,
Andreas Wistuba,IV,lowii,AW-N_low_mul.07, ,
Andreas Wistuba,ISC,lowii ,AW-N_low_mul.ISC, ,
Andreas Wistuba,IV,lowii ,AW-N_low_trus.01, ,
Andreas Wistuba,IV,lowii ,AW-N_low_trus.03, ,
Andreas Wistuba,IV,lowii ,AW-N_low_trus.04, ,
Andreas Wistuba,IV,lowii ,AW-N_low_trus.05, ,
Andreas Wistuba,IV,lowii ,AW-N_low_trus.06, ,
Andreas Wistuba,ISC,lowii,AW-N_low_trus.ISC, ,
Andreas Wistuba,IV,macrophylla ,AW-N_macro.WT_01, ,
Andreas Wistuba,IV,macrophylla ,AW-N_macro.WT_02, ,
Andreas Wistuba,IV,macrophylla ,AW-N_macro.WT_03, ,
Andreas Wistuba,IV,macrophylla ,AW-N_macro.WT_04, ,
Andreas Wistuba,IV,macrophylla ,AW-N_macro.WT_05, ,
Andreas Wistuba,IV,macrophylla,AW-N_macro.05, ,
Andreas Wistuba,IV,macrophylla ,AW-N_macro.WT_06, ,
Andreas Wistuba,IV,macrophylla ,AW-N_macro.WT_07, ,
Andreas Wistuba,IV,macrophylla ,AW-N_macro.WT_08, ,
Andreas Wistuba,IV,macrophylla ,AW-N_macro.WT_09, ,
Andreas Wistuba,IV,macrophylla ,AW-N_macro.WT_10, ,
Andreas Wistuba,IV,macrophylla ,AW-N_macro.T, ,
Andreas Wistuba,IV,macrophylla ,AW-N_macro.ed1, ,
Andreas Wistuba,IV,mantalingajanensis,AW-N_mant.01, ,
Andreas Wistuba,IV,mantalingajanensis,AW-N_mant.02, ,
Andreas Wistuba,IV,mantalingajanensis,AW-N_mant.03, ,
Andreas Wistuba,IV,mantalingajanensis,AW-N_mant.04, ,
Andreas Wistuba,IV,mantalingajanensis,AW-N_mant.06, ,
Andreas Wistuba,IV,mantalingajanensis,AW-N_mant.07, ,
Andreas Wistuba,IV,mantalingajanensis ,AW-N_mant.B, ,
Andreas Wistuba,IV,mantalingajanensis ,AW-N_mant.F, ,
Andreas Wistuba,IV,mapuluensis,AW-N_map.01, ,
Andreas Wistuba,IV,mapuluensis,AW-N_map.02, ,
Andreas Wistuba,IV,mapuluensis,AW-N_map.03, ,
Andreas Wistuba,IV,mapuluensis,AW-N_map.04, ,
Andreas Wistuba,IV,mapuluensis,AW-N_map.05, ,
Andreas Wistuba,IV,mapuluensis,AW-N_map.06, ,
Andreas Wistuba,IV,mapuluensis,AW-N_map.07, ,
Andreas Wistuba,IV,mapuluensis,AW-N_map.08, ,
Andreas Wistuba,IV,mapuluensis,AW-N_map.09, ,
Andreas Wistuba,IV,mapuluensis,AW-N_map.10, ,
Andreas Wistuba,IV,masoalensis ,AW-N_maso.01, ,
Andreas Wistuba,IV,micramphora,AW-N_micra.01, ,
Andreas Wistuba,IV,micramphora,AW-N_micra.02, ,
Andreas Wistuba,IV,micramphora,AW-N_micra.03, ,
Andreas Wistuba,IV,micramphora,AW-N_micra.04, ,
Andreas Wistuba,IV,micramphora,AW-N_micra.05, ,
Andreas Wistuba,IV,micramphora,AW-N_micra.06, ,
Andreas Wistuba,IV,micramphora,AW-N_micra.07, ,
Andreas Wistuba,IV,micramphora,AW-N_micra.08, ,
Andreas Wistuba,IV,mikei,AW-N_mik.02, ,
Andreas Wistuba,IV,mikei,AW-N_mik.03, ,
Andreas Wistuba,IV,mollis ,AW-N_moll_hrl_CP.01, ,
Andreas Wistuba,IV,mollis ,AW-N_moll_hrl_CP.02, ,
Andreas Wistuba,IV,muluensis,AW-N_mul.01, ,
Andreas Wistuba,IV,murudensis ,AW-N_mur.01, ,
Andreas Wistuba,IV,nebularum ,AW-N_nebu.02, ,
Andreas Wistuba,IV,nebularum ,AW-N_nebu.03, ,
Andreas Wistuba,IV,nebularum ,AW-N_nebu.04, ,
Andreas Wistuba,IV,nebularum ,AW-N_nebu.05, ,
Andreas Wistuba,IV,nebularum ,AW-N_nebu.06, ,
Andreas Wistuba,IV,northiana,AW-N_north.01, ,
Andreas Wistuba,IV,oblanceolata,AW-N_obl.RSC, ,
Andreas Wistuba,IV,oblanceolata ,AW-N_obl.RC, ,
Andreas Wistuba,IV,ovata ,AW-N_ov.06, ,
Andreas Wistuba,IV,ovata ,AW-N_ov.11, ,
Andreas Wistuba,IV,ovata ,AW-N_ov.RC, ,
Andreas Wistuba,IV,palawanensis ,AW-N_pal.06, ,
Andreas Wistuba,IV,palawanensis ,AW-N_pal.08, ,
Andreas Wistuba,IV,palawanensis ,AW-N_pal.09, ,
Andreas Wistuba,IV,palawanensis,AW-N_pal.RSC, ,
Andreas Wistuba,IV,pantaronensis,AW-N_pant_Ga.01, ,
Andreas Wistuba,IV,pantaronensis,AW-N_pant_Ga.RC, ,
Andreas Wistuba,IV,pantaronensis ,AW-N_pant_Sum.01, ,
Andreas Wistuba,IV,pantaronensis ,AW-N_pant_Sum.RC, ,
Andreas Wistuba,IV,peltata ,AW-N_pelt.U2, ,
Andreas Wistuba,IV,peltata ,AW-N_pelt.U3, ,
Andreas Wistuba,IV,peltata ,AW-N_pelt.04, ,
Andreas Wistuba,IV,peltata,AW-N_pelt.6IP, ,
Andreas Wistuba,IV,peltata ,AW-N_pelt.U7, ,
Andreas Wistuba,IV,peltata ,AW-N_pelt.U9, ,
Andreas Wistuba,IV,peltata ,AW-N_pelt.10IP, ,
Andreas Wistuba,ISC,pervillei,AW-N_perv_Cop.ISC, ,
Andreas Wistuba,ISC,pervillei ,AW-N_perv_TT.ISC, ,
Andreas Wistuba,ISC,pervillei ,AW-N_perv_TF.ISC, ,
Andreas Wistuba,IV,pitopangii,AW-N_pito_SDL.01, ,
Andreas Wistuba,IV,pitopangii,AW-N_pito_SDL.RC, ,
Andreas Wistuba,IV,platychila ,AW-N_plat.RSC, ,
Andreas Wistuba,IV,platychila,AW-N_plat.RC, ,
Andreas Wistuba,IV,pulchra,AW-N_pulch.CS01, ,
Andreas Wistuba,IV,pulchra,AW-N_pulch.WR02, ,
Andreas Wistuba,IV,pulchra,AW-N_pulch.RC, ,
Andreas Wistuba,ISC,rafflesiana ,AW-N_raff_Beau.ISC, ,
Andreas Wistuba,IV,rajah ,AW-N_raj_kin.A01, ,
Andreas Wistuba,IV,rajah,AW-N_raj_kin.01, ,
Andreas Wistuba,IV,rajah,AW-N_raj_kin.02, ,
Andreas Wistuba,IV,rajah ,AW-N_raj_kin.A03, ,
Andreas Wistuba,IV,rajah ,AW-N_raj_kin.A05, ,
Andreas Wistuba,IV,rajah ,AW-N_raj_kin.A06, ,
Andreas Wistuba,IV,rajah ,AW-N_raj_kin.A09, ,
Andreas Wistuba,IV,rajah ,AW-N_raj_kin.A10, ,
Andreas Wistuba,IV,rajah ,AW-N_raj_kin.A08, ,
Andreas Wistuba,IV,rajah ,AW-N_raj_kin.RSC, ,
Andreas Wistuba,IV,rajah,AW-N_raj_T.01, ,
Andreas Wistuba,IV,rajah,AW-N_raj_T.02, ,
Andreas Wistuba,IV,rajah,AW-N_raj_T.03, ,
Andreas Wistuba,IV,rajah,AW-N_raj_T.04, ,
Andreas Wistuba,IV,rajah,AW-N_raj_T.05, ,
Andreas Wistuba,IV,rajah,AW-N_raj_T.06, ,
Andreas Wistuba,IV,rajah ,AW-N_raj_T.RSC, ,
Andreas Wistuba,ISC,robcantleyi,AW-N_rc.ISC, ,
Andreas Wistuba,IV,spathulata,AW-N_spat_ABG.01, ,
Andreas Wistuba,ISC,spec. Tawarensis ,AW-N_sp_taw.ISC, ,
Andreas Wistuba,IV,spec. Tawarensis ,AW-N_sp_taw.RSC, ,
Andreas Wistuba,IV,spec. Pseudoklossii ,AW-N_sp_psk.01, ,
Andreas Wistuba,IV,spec. Pseudoklossii ,AW-N_sp_psk.03, ,
Andreas Wistuba,IV,spec. Pseudoklossii ,AW-N_sp_psk.Ho, ,
Andreas Wistuba,IV,talangensis ,AW-N_tlg.RSC, ,
Andreas Wistuba,IV,tomoriana,AW-N_tom.05, ,
Andreas Wistuba,IV,truncata,AW-N_truncr.01, ,
Andreas Wistuba,IV,truncata ,AW-N_trunc_MS.RSC, ,
Andreas Wistuba,ISC,truncata ,AW-N_trunc_MaMu.ISC, ,
Andreas Wistuba,ISC,undulatifolia,AW-N_undu.ISC, ,
Andreas Wistuba,IV,veitchii ,AW-N_vei_Ray_low.01, ,
Andreas Wistuba,IV,ventricosa ,AW-N_vent_Porc.01, ,
Andreas Wistuba,IV,ventricosa ,AW-N_vent_MA.01, ,
Andreas Wistuba,IV,ventricosa,AW-N_vent.01, ,
Andreas Wistuba,IV,vieillardii ,AW-N_vieill.01, ,
Andreas Wistuba,IV,villosa,AW-N_vil.JG01, ,
Andreas Wistuba,IV,villosa,AW-N_vil.MT01, ,
Andreas Wistuba,IV,villosa,AW-N_vil.MT02, ,
Andreas Wistuba,IV,villosa,AW-N_vil.MT03, ,
Andreas Wistuba,IV,villosa,AW-N_vil.MT04, ,
Andreas Wistuba,IV,viridis,AW-N_virid.01, ,
Andreas Wistuba,IV,viridis,AW-N_virid.RC, ,
Andreas Wistuba,IV,adnata,AW-N_ad.03, ,
Andreas Wistuba,IV,adrianii,AW-N_adrian.02, ,
Andreas Wistuba,IV,adrianii,AW-N_adrian.03, ,
Andreas Wistuba,IV,aenigma,AW-N_aenig.01, ,
Andreas Wistuba,IV,aenigma,AW-N_aenig.RC, ,
Andreas Wistuba,IV,albomarginata ,AW-N_alboBL.01, ,
Andreas Wistuba,IV,albomarginata ,AW-N_alboBL.RC, ,
Andreas Wistuba,IV,albomarginata,AW-N_albor.01, ,
Andreas Wistuba,IV,ampullaria ,AW-N_amp.RedStripes01, ,
Andreas Wistuba,IV,ampullaria ,AW-N_amp.RC, ,
Andreas Wistuba,ISC,aristolochioides,AW-N_arist.ISC, ,
Andreas Wistuba,IV,aristolochioides ,AW-N_arist.AC01, ,
Andreas Wistuba,IV,aristolochioides ,AW-N_arist.AC02, ,
Andreas Wistuba,IV,aristolochioides ,AW-N_arist.AC05, ,
Andreas Wistuba,IV,aristolochioides ,AW-N_arist.NM03, ,
Andreas Wistuba,IV,aristolochioides ,AW-N_arist.NM04, ,
Andreas Wistuba,IV,aristolochioides ,AW-N_arist.NM06, ,
Andreas Wistuba,IV,aristolochioides ,AW-N_arist.NM07, ,
Andreas Wistuba,IV,aristolochioides ,AW-N_arist.RC, ,
Andreas Wistuba,IV,boschiana,AW-N_bosch_SKB.09, ,
Andreas Wistuba,IV,burbidgeae,AW-N_burb.01, ,
Andreas Wistuba,IV,burkei ,AW-N_burk.B, ,
Andreas Wistuba,IV,burkei,AW-N_burk.RC, ,
Andreas Wistuba,IV,campanulata ,AW-N_camp.01, ,
Andreas Wistuba,IV,campanulata ,AW-N_camp.02, ,
Andreas Wistuba,IV,campanulata ,AW-N_camp.08, ,
Andreas Wistuba,IV,campanulata ,AW-N_camp.11(speckled), ,
Andreas Wistuba,IV,ceciliae,AW-N_cec.RSC, ,
Andreas Wistuba,IV,ceciliae ,AW-N_cec.RC, ,
Andreas Wistuba,IV,clipeata ,AW-N_clip.03N, ,
Andreas Wistuba,IV,clipeata ,AW-N_clip.16-01, ,
Andreas Wistuba,IV,clipeata ,AW-N_clip.16-02, ,
Andreas Wistuba,IV,clipeata ,AW-N_clip.16-03, ,
Andreas Wistuba,IV,clipeata ,AW-N_clip.U, ,
Andreas Wistuba,IV,copelandii ,AW-N_cop.01, ,
Andreas Wistuba,IV,danseri ,AW-N_dans.J3, ,
Andreas Wistuba,IV,densiflora ,AW-N_dens.C, ,
Andreas Wistuba,IV,diatas ,AW-N_diat_98.07, ,
Andreas Wistuba,IV,diatas ,AW-N_diat_98.MR, ,
Andreas Wistuba,IV,distillatoria,AW-dis.01, ,
Andreas Wistuba,IV,edwardsiana,AW-N_ed_tb.01, ,
Andreas Wistuba,IV,edwardsiana,AW-N_ed_tb.02, ,
Andreas Wistuba,IV,edwardsiana,AW-N_ed_tb.03, ,
Andreas Wistuba,IV,edwardsiana,AW-N_ed_tb.04, ,
Andreas Wistuba,IV,edwardsiana,AW-N_ed_tb.05, ,
Andreas Wistuba,IV,edwardsiana,AW-N_ed_tb.06, ,
Andreas Wistuba,IV,edwardsiana,AW-N_ed_tb.07, ,
Andreas Wistuba,IV,edwardsiana,AW-N_ed_tb.08, ,
Andreas Wistuba,IV,edwardsiana,AW-N_ed_tb.09, ,
Andreas Wistuba,IV,edwardsiana,AW-N_ed_tb.10, ,
Andreas Wistuba,IV,edwardsiana,AW-N_ed_tb.11, ,
Andreas Wistuba,IV,edwardsiana,AW-N_ed_tb.12, ,
Andreas Wistuba,IV,edwardsiana,AW-N_ed_tb.13, ,
Andreas Wistuba,IV,edwardsiana,AW-N_ed_tb.14, ,
Andreas Wistuba,IV,edwardsiana,AW-N_ed_tb.15, ,
Andreas Wistuba,IV,edwardsiana,AW-N_ed_tb.16, ,
Andreas Wistuba,IV,edwardsiana,AW-N_ed_tb.17, ,
Andreas Wistuba,IV,edwardsiana,AW-N_ed_tb.18, ,
Andreas Wistuba,IV,edwardsiana,AW-N_ed_tb.19, ,
Andreas Wistuba,IV,edwardsiana,AW-N_ed_tb.20, ,
Andreas Wistuba,IV,edwardsiana,AW-N_ed_tb.21, ,
Andreas Wistuba,ISC,edwardsiana ,AW-N_ed_tb.ISC, ,
Andreas Wistuba,IV,edwardsiana,AW-N_ed_tb.22, ,
Andreas Wistuba,IV,edwardsiana,AW-N_ed_tb.23, ,
Andreas Wistuba,IV,edwardsiana,AW-N_ed_tb.24, ,
Andreas Wistuba,IV,edwardsiana,AW-N_ed_tb.25, ,
Andreas Wistuba,IV,edwardsiana ,AW-N_ed_tb.102-1, ,
Andreas Wistuba,IV,edwardsiana ,AW-N_ed_tb.102-2, ,
Andreas Wistuba,IV,edwardsiana ,AW-Nx_Harr_Fx.01, ,
Andreas Wistuba,IV,erucoides,AW-N_eruc.RSC, ,
Andreas Wistuba,IV,eustachya ,AW-N_eust_J.01, ,
Andreas Wistuba,IV,eustachya ,AW-N_eust_J.RC, ,
Andreas Wistuba,IV,glabrata,AW-N_glab.01, ,
Andreas Wistuba,IV,glabrata ,AW-N_glab.Langtrieb, ,
Andreas Wistuba,IV,glabrata,AW-N_glab.RC, ,
Andreas Wistuba,IV,graciliflora,AW-N_al_GRP.01, ,
Andreas Wistuba,IV,gymnamphora,AW-N_gym_S.01, ,
Andreas Wistuba,IV,gymnamphora ,AW-N_gymJ.01, ,
Andreas Wistuba,IV,gymnamphora,AW-N_gymJ.Langtrieb, ,
Andreas Wistuba,IV,gymnamphora ,AW-N_gymJ.RC, ,
Andreas Wistuba,IV,hamiguitanensis,AW-N_hamig.04, ,
Andreas Wistuba,IV,hamiguitanensis,AW-N_hamig.06, ,
Andreas Wistuba,IV,hamiguitanensis,AW-N_hamig.08, ,
Andreas Wistuba,IV,hamiguitanensis,AW-N_hamig.09, ,
Andreas Wistuba,IV,hamiguitanensis,AW-N_hamig.10, ,
Andreas Wistuba,IV,hemsleyana,AW-N_hems.01, ,
Andreas Wistuba,IV,hemsleyana,AW-N_hems.02, ,
Andreas Wistuba,IV,hemsleyana,AW-N_hems.03, ,
Andreas Wistuba,IV,hemsleyana,AW-N_hems.04, ,
Andreas Wistuba,IV,hispida,AW-N_hisp_TG.01, ,
Andreas Wistuba,IV,insignis ,AW-N_instay.RSC, ,
Andreas Wistuba,IV,insignis,AW-N_instay.RC, ,
Andreas Wistuba,IV,kitanglad,AW-N_kit.01, ,
Andreas Wistuba,IV,klossii,AW-N_kloss.01, ,
Andreas Wistuba,IV,klossii,AW-N_kloss.03, ,
Andreas Wistuba,IV,klossii,AW-N_kloss.05, ,
Andreas Wistuba,IV,longiptera ,AW-N_longpt.RSC, ,
Andreas Wistuba,IV,lowii,AW-N_low_mur.01, ,
Andreas Wistuba,IV,macrovulgaris ,AW-N_mvul.01, ,
Andreas Wistuba,IV,merrilliana,AW-N_mer.98/5, ,
Andreas Wistuba,IV,mirabilis ,AW-mirsul.01, ,
Andreas Wistuba,IV,mirabilis,AW-N_echino.RSC, ,
Andreas Wistuba,IV,nigra,AW-N_nig_K.01, ,
Andreas Wistuba,ISC,pervillei ,AW-N_perv_BB.ISC, ,
Andreas Wistuba,IV,pitopangii ,AW-N_pito_LL.01, ,
Andreas Wistuba,IV,pitopangii ,AW-N_pito_LL.RC, ,
Andreas Wistuba,IV,pulchra ,AW-N_pulch_KB.01, ,
Andreas Wistuba,IV,pulchra ,AW-N_pulch_KB.RC, ,
Andreas Wistuba,IV,rafflesiana,AW-N_raff_Bak_96.02, ,
Andreas Wistuba,IV,ramispina,AW-N_ram.MSr_01, ,
Andreas Wistuba,IV,ramispina,AW-N_ram.RC, ,
Andreas Wistuba,IV,ramos,AW-N_ramos.TG01, ,
Andreas Wistuba,IV,ramos,AW-N_ramos.RC, ,
Andreas Wistuba,IV,reinwardtiana ,AW-N_rein_rot.01, ,
Andreas Wistuba,IV,reinwardtiana ,AW-N_rein_rot.Langtrieb, ,
Andreas Wistuba,IV,reinwardtiana ,AW-N_reinSum.01, ,
Andreas Wistuba,IV,rhombicaulis,AW-N_rhomb_J.01, ,
Andreas Wistuba,IV,rhombicaulis ,AW-N_rhomb_J.Langtrieb, ,
Andreas Wistuba,IV,sibuyanensis,AW-N_sib_MDR.13, ,
Andreas Wistuba,IV,singalana,AW-N_sing_A.01, ,
Andreas Wistuba,IV,spec Anipahan ,AW-N_sp_Anip.01, ,
Andreas Wistuba,IV,spec Anipahan ,AW-N_sp_Anip.02, ,
Andreas Wistuba,IV,spec Anipahan ,AW-N_sp_Anip.03, ,
Andreas Wistuba,IV,spectabilis,AW-N_spect_BH.02, ,
Andreas Wistuba,IV,spectabilis,AW-N_spect_BH.05, ,
Andreas Wistuba,IV,spectabilis,AW-N_spect_BH.RC, ,
Andreas Wistuba,IV,sumatrana ,AW-N_sum_Sipo.RSC, ,
Andreas Wistuba,IV,taminii ,AW-N_tam.01, ,
Andreas Wistuba,IV,taminii ,AW-N_tam.RC, ,
Andreas Wistuba,IV,tenax,AW-N_tenx.02, ,
Andreas Wistuba,IV,tenax,AW-N_tenx.RC, ,
Andreas Wistuba,IV,tentaculata,AW-N_tent_Ray.03, ,
Andreas Wistuba,IV,tenuis ,AW-N_ten_GE.01, ,
Andreas Wistuba,IV,tenuis ,AW-N_ten_GE.02, ,
Andreas Wistuba,IV,tenuis,AW-N_ten_GE.RSC, ,
Andreas Wistuba,IV,tenuis ,AW-N_ten_GE.RC, ,
Andreas Wistuba,IV,ulukaliana,AW-N_ulu.01, ,
Andreas Wistuba,ISC,ulukaliana ,AW-N_ulu.ISC, ,
Andreas Wistuba,IV,veitchii ,AW-N_vei_high.07, ,
Andreas Wistuba,ISC,vogelii,AW-N_vog.ISC, ,
Andreas Wistuba,IV,vogelii ,AW-N_vog.TG01, ,
Andreas Wistuba,IV,vogelii ,AW-N_vog.RC, ,
Andreas Wistuba,IV,zakriana,AW-N_zak_fusc_CR.03, ,
Andreas Wistuba,IV,zakriana,AW-N_zak_fusc_TR.05, ,
Floravitro,IV,glabrata,FV-001, ,
Floravitro,IV,glabrata,FV-001-01, ,
Floravitro,IV,vieillardii,FV-002, ,
Floravitro,IV,vieillardii,FV-002-01, ,
Floravitro,IV,truncata,FV-003, ,
Floravitro,IV,truncata,FV-003-01, ,
Floravitro,IV,peltata,FV-004, ,
Floravitro,IV,peltata,FV-004-01, ,
Floravitro,IV,sibuyanensis,FV-005, ,
Floravitro,IV,sibuyanensis,FV-005-01, ,
Floravitro,IV,bellii,FV-007, ,Surigao del Norte
Floravitro,IV,bellii,FV-007-01, ,Surigao del Norte
Floravitro,IV,sanguinea,FV-014, ,Malaysia
Floravitro,IV,sanguinea,FV-014-01, ,Malaysia
Floravitro,IV,hirsuta,FV-015, ,Bako National Park
Floravitro,IV,hirsuta,FV-015-01, ,Bako National Park
Floravitro,IV,diatas,FV-017, ,Mount Bandahara
Floravitro,IV,diatas,FV-017-01, ,Mount Bandahara
Floravitro,IV,harauensis,FV-026, ,Harau Valley
Floravitro,IV,harauensis,FV-026-01, ,Harau Valley
Floravitro,IV,harauensis,FV-026-02, ,Harau Valley
Floravitro,IV,harauensis,FV-026-04, ,Harau Valley
Floravitro,IV,harauensis,FV-026-05, ,Harau Valley
Floravitro,IV,clipeata,FV-030, ,Mount Kelam
Floravitro,IV,clipeata,FV-030-01,Male,Mount Kelam
Floravitro,IV,clipeata,FV-030-03,Female,Mount Kelam
Floravitro,IV,clipeata,FV-030-04,Female,Mount Kelam
Floravitro,IV,clipeata,FV-030-05,Female,Mount Kelam
Floravitro,IV,clipeata,FV-030-07,Female,Mount Kelam
Floravitro,IV,clipeata,FV-030-09,Female,Mount Kelam
Floravitro,IV,clipeata,FV-030-10,Male,Mount Kelam
Floravitro,IV,clipeata,FV-030-11,Female,Mount Kelam
Floravitro,IV,clipeata,FV-030-12,Female,Mount Kelam
Floravitro,IV,clipeata,FV-030-13,Male,Mount Kelam
Floravitro,IV,clipeata,FV-030-16,Female,Mount Kelam
Floravitro,IV,clipeata,FV-030-17,Female,Mount Kelam
Floravitro,IV,singalana,FV-033, ,Mount Kunyit
Floravitro,IV,singalana,FV-033-01, ,Mount Kunyit
Floravitro,IV,albomarginata,FV-034, ,Penang Island
Floravitro,IV,albomarginata,FV-034-01, ,Penang Island
Floravitro,IV,palawanensis,FV-036, ,Sultan Peak
Floravitro,IV,palawanensis,FV-036-01, ,Sultan Peak
Floravitro,IV,alba,FV-037, ,Mount Tahan
Floravitro,IV,alba,FV-037-01, ,Mount Tahan
Floravitro,IV,sumatrana,FV-040, ,Sibolga
Floravitro,ISC,sumatrana,FV-040-ISC, ,
Floravitro,IV,ephippiata,FV-041, ,Hose Mountains
Floravitro,IV,ephippiata,FV-041-01, ,Hose Mountains
Floravitro,IV,khasiana,FV-043, ,Khasi Hills
Floravitro,ISC,khasiana,FV-043-ISC, ,Meghalaya
Floravitro,IV,sp. Papua,FV-044, ,Mount Doorman
Floravitro,IV,sp. Papua,FV-044-01, ,Mount Doorman
Floravitro,IV,clipeata,FV-045, ,Mount Kelam
Floravitro,IV,clipeata,FV-045-01,Female,Mount Kelam
Floravitro,IV,clipeata,FV-045-02,Female,Mount Kelam
Floravitro,IV,clipeata,FV-046, ,Mount Kelam
Floravitro,ISC,clipeata,FV-046-ISC, ,Mount Kelam
Floravitro,IV,pervillei,FV-049, ,Mount Copolia
Floravitro,IV,pervillei,FV-049-01, ,Mount Copolia
Floravitro,IV,pervillei,FV-049-02, ,Mount Copolia
Floravitro,IV,pervillei,FV-049-03, ,Mount Copolia
Floravitro,IV,pervillei,FV-049-04, ,Mount Copolia
Floravitro,IV,pervillei,FV-049-06, ,Mount Copolia
Floravitro,IV,pervillei,FV-049-08, ,Mount Copolia
Floravitro,IV,pervillei,FV-049-13, ,Mount Copolia
Floravitro,IV,pervillei,FV-049-14, ,Mount Copolia
Floravitro,IV,pervillei,FV-049-15, ,Mount Copolia
Floravitro,IV,pervillei,FV-050, ,Mount Trois FrÃ¨res
Floravitro,IV,pervillei,FV-050-01, ,Mount Trois FrÃ¨res
Floravitro,IV,pervillei,FV-050-02, ,Mount Trois FrÃ¨res
Floravitro,IV,pervillei,FV-050-04, ,Mount Trois FrÃ¨res
Floravitro,IV,pervillei,FV-050-05, ,Mount Trois FrÃ¨res
Floravitro,IV,pervillei,FV-050-06, ,Mount Trois FrÃ¨res
Floravitro,IV,pervillei,FV-050-07, ,Mount Trois FrÃ¨res
Floravitro,IV,pervillei,FV-050-08, ,Mount Trois FrÃ¨res
Floravitro,IV,pervillei,FV-050-12, ,Mount Trois FrÃ¨res
Floravitro,IV,pervillei,FV-050-13, ,Mount Trois FrÃ¨res
Floravitro,IV,pervillei,FV-050-19, ,Mount Trois FrÃ¨res
Floravitro,IV,truncata,FV-052, ,Mindanao
Floravitro,ISC,truncata,FV-052-ISC, ,Mindanao
Floravitro,IV,edwardsiana,FV-061, ,Marai Parai
Floravitro,IV,edwardsiana,FV-061-01, ,Marai Parai
Floravitro,IV,edwardsiana,FV-061-02, ,Marai Parai
Floravitro,IV,edwardsiana,FV-061-03, ,Marai Parai
Floravitro,IV,edwardsiana,FV-061-04, ,Marai Parai
Floravitro,IV,edwardsiana,FV-061-05, ,Marai Parai
Floravitro,IV,edwardsiana,FV-061-06, ,Marai Parai
Floravitro,IV,edwardsiana,FV-061-07, ,Marai Parai
Floravitro,IV,edwardsiana,FV-061-08, ,Marai Parai
Floravitro,IV,edwardsiana,FV-061-09, ,Marai Parai
Floravitro,IV,edwardsiana,FV-061-10, ,Marai Parai
Floravitro,IV,edwardsiana,FV-061-11, ,Marai Parai
Floravitro,IV,edwardsiana,FV-061-13, ,Marai Parai
Floravitro,IV,edwardsiana,FV-061-14, ,Marai Parai
Floravitro,IV,edwardsiana,FV-061-15, ,Marai Parai
Floravitro,IV,edwardsiana,FV-061-17, ,Marai Parai
Floravitro,IV,edwardsiana,FV-061-18, ,Marai Parai
Floravitro,IV,edwardsiana,FV-061-19, ,Marai Parai
Floravitro,IV,bokorensis,FV-066, ,Mount Bokor
Floravitro,IV,bokorensis,FV-066-06, ,Mount Bokor
Floravitro,IV,bokorensis,FV-066-13, ,Mount Bokor
Floravitro,IV,bokorensis,FV-066-16, ,Mount Bokor
Floravitro,IV,mapuluensis,FV-091, ,Tabalar Mountains
Floravitro,ISC,mapuluensis,FV-091-ISC, ,Tabalar Mountains
Floravitro,IV,mapuluensis,FV-091-08, ,Tabalar Mountains
Floravitro,IV,mapuluensis,FV-091-09, ,Tabalar Mountains
Floravitro,IV,mapuluensis,FV-091-16, ,Tabalar Mountains
Floravitro,IV,mapuluensis,FV-091-18, ,Tabalar Mountains
Floravitro,IV,longiptera,FV-092, ,Dairi Regency
Floravitro,ISC,longiptera,FV-092-ISC, ,Dairi Regency
Floravitro,IV,truncata,FV-098, ,Mindanao
Floravitro,IV,truncata,FV-098-01, ,Mindanao
Floravitro,IV,stenophylla,FV-115, ,Mamut Mine
Floravitro,ISC,stenophylla,FV-115-ISC, ,Mamut Mine
Floravitro,IV,villosa,FV-126, ,Mount Kinabalu
Floravitro,ISC,villosa,FV-126-ISC, ,Mount Kinabalu
Floravitro,IV,kongkandana,FV-133, ,Songkhla Province
Floravitro,ISC,kongkandana,FV-133-ISC, ,Songkhla Province
Floravitro,IV,andamana,FV-134, ,Phag Nga Province
Floravitro,ISC,andamana,FV-134-ISC, ,Phag Nga Province
Floravitro,IV,suratensis,FV-144, ,Surat Thani
Floravitro,IV,veitchii,FV-022, ,
Floravitro,IV,veitchii,FV-022-03, ,
Floravitro,IV,veitchii,FV-022-04, ,
Floravitro,IV,veitchii,FV-022-09, ,
Floravitro,IV,veitchii,FV-022-12, ,
Floravitro,IV,veitchii,FV-022-015, ,
Floravitro,IV,veitchii,FV-023, ,
Floravitro,IV,veitchii,FV-023-02, ,
Floravitro,IV,veitchii,FV-023-03, ,
Floravitro,IV,veitchii,FV-023-04, ,
Floravitro,IV,veitchii,FV-023-05, ,
Floravitro,IV,veitchii,FV-023-06, ,
Floravitro,IV,veitchii,FV-023-08, ,
Floravitro,IV,veitchii,FV-023-11, ,
Floravitro,IV,veitchii,FV-023-14, ,
Floravitro,IV,veitchii,FV-023-15, ,
Floravitro,IV,veitchii,FV-023-16, ,
Floravitro,IV,veitchii,FV-023-18, ,
Floravitro,IV,veitchii,FV-023-21, ,
Floravitro,IV,veitchii,FV-023-23, ,
Floravitro,IV,veitchii,FV-023-24, ,
Floravitro,IV,veitchii,FV-023-26, ,
Floravitro,IV,veitchii,FV-023-27, ,
Floravitro,IV,veitchii,FV-023-32, ,
Floravitro,IV,lowii ,FV-102, ,
Floravitro,IV,lowii ,FV-105, ,
Floravitro,IV,lowii ,FV-108, ,
